{
  "_meta": {
    "generatedAt": "2026-03-02T15:28:43.247Z",
    "reproductionCommand": "npm run recalculate -- --episode 2",
    "durationMs": 5955
  },
  "hohmann": {
    "departureDv": 1.8076602726468902,
    "arrivalDv": 1.5491053302937523,
    "totalDv": 3.3567656029406425,
    "transferTimeSec": 317216811.6811852,
    "transferTimeDays": 3671.4908759396435,
    "transferTimeYears": 10.051994184639682
  },
  "jupiterEscape": {
    "altitudeKm": 3574600,
    "altitudeRJ": 50,
    "velocityKms": 10.3,
    "escapeVelocityKms": 8.419116150589662,
    "hyperbolicExcessKms": 5.933673671755156,
    "isUnbound": true,
    "jupiterOrbitalVKms": 13.055905091999508,
    "heliocentricBestKms": 18.989578763754665,
    "heliocentricWorstKms": 7.1222314202443515,
    "saturnOrbitalVKms": 9.62171356727013
  },
  "heliocentricTransfer": {
    "vHelioKms": 18.989578763754665,
    "vEscSunKms": 18.463838050161655,
    "semiMajorAxisKm": -6739824377.080961,
    "isHyperbolic": true,
    "solarVInfKms": 4.437430121392878,
    "reachesSaturn": true,
    "arrivalVKms": 14.31242572114961,
    "saturnOrbitalVKms": 9.62171356727013,
    "vInfAtSaturnKms": 4.690712153879481,
    "estimatedTransitDays": 455.2612176238103,
    "estimatedTransitYears": 1.2464372830220678
  },
  "saturnArrivalVInf": {
    "reachesSaturn": true,
    "vInfSaturnKms": 4.690712153879481,
    "isHyperbolic": true,
    "estimatedTransitDays": 455.2612176238103,
    "estimatedTransitYears": 1.2464372830220678
  },
  "additionalDvNeeded": {
    "additionalDvKms": 0,
    "naturallyReaches": true,
    "isHyperbolic": true
  },
  "saturnCapture": {
    "rCaptureKm": 238020,
    "approachVInfKms": 4.690712153879481,
    "vEscAtCaptureKms": 17.852810964650672,
    "vCircAtCaptureKms": 12.62384369634604,
    "vPeriKms": 18.45875510022558,
    "dvCircularCaptureKms": 5.834911403879541,
    "dvMinCaptureKms": 0.6059441355749087
  },
  "enceladusInfo": {
    "orbitalRadiusKm": 238020,
    "orbitalVelocityKms": 12.62384369634604,
    "orbitalPeriodSec": 118468.17837642928,
    "orbitalPeriodHours": 32.90782732678591
  },
  "brachistochrone30d": [
    {
      "scenario": "closest",
      "distanceKm": 654960000,
      "distanceAU": 4.378137181600941,
      "accelMs2": 0.38994627343392774,
      "accelG": 0.03976345372109005,
      "deltaVKms": 1010.7407407407408
    },
    {
      "scenario": "mid",
      "distanceKm": 1631312203.6569211,
      "distanceAU": 10.904648548964415,
      "accelMs2": 0.9712411668243939,
      "accelG": 0.09903903645224352,
      "deltaVKms": 2517.457104408829
    },
    {
      "scenario": "farthest",
      "distanceKm": 2212100000,
      "distanceAU": 14.78697517317003,
      "accelMs2": 1.317027225270538,
      "accelG": 0.1342994014541702,
      "deltaVKms": 3413.7345679012346
    }
  ],
  "brachistochrone90d": [
    {
      "scenario": "closest",
      "distanceKm": 654960000,
      "distanceAU": 4.378137181600941,
      "accelMs2": 0.04332736371488086,
      "accelG": 0.0044181615245655614,
      "deltaVKms": 336.91358024691357
    },
    {
      "scenario": "mid",
      "distanceKm": 1631312203.6569211,
      "distanceAU": 10.904648548964415,
      "accelMs2": 0.10791568520271043,
      "accelG": 0.011004337383582613,
      "deltaVKms": 839.1523681362763
    },
    {
      "scenario": "farthest",
      "distanceKm": 2212100000,
      "distanceAU": 14.78697517317003,
      "accelMs2": 0.14633635836339312,
      "accelG": 0.014922155717130021,
      "deltaVKms": 1137.9115226337449
    }
  ],
  "damagedThrust": [
    {
      "label": "通常推力（9.8 MN）",
      "fraction": 1,
      "thrustN": 9800000,
      "thrustMN": 9.8,
      "accelMs2": 32.666666666666664,
      "accelG": 3.3310729623945656,
      "minTimeClosestHours": 78.66516774773983,
      "minTimeClosestDays": 3.277715322822493
    },
    {
      "label": "50%推力（4.9 MN）",
      "fraction": 0.5,
      "thrustN": 4900000,
      "thrustMN": 4.9,
      "accelMs2": 16.333333333333332,
      "accelG": 1.6655364811972828,
      "minTimeClosestHours": 111.24934711520824,
      "minTimeClosestDays": 4.635389463133676
    },
    {
      "label": "25%推力（2.45 MN）",
      "fraction": 0.25,
      "thrustN": 2450000,
      "thrustMN": 2.45,
      "accelMs2": 8.166666666666666,
      "accelG": 0.8327682405986414,
      "minTimeClosestHours": 157.33033549547966,
      "minTimeClosestDays": 6.555430645644986
    },
    {
      "label": "トリムのみ（推定1%、98 kN）",
      "fraction": 0.01,
      "thrustN": 98000,
      "thrustMN": 0.098,
      "accelMs2": 0.32666666666666666,
      "accelG": 0.033310729623945656,
      "minTimeClosestHours": 786.6516774773982,
      "minTimeClosestDays": 32.777153228224925
    }
  ],
  "trimThrust": {
    "primary": {
      "thrustDays": 3,
      "transferDays": 86.80555555555556,
      "deltaVKms": 84.672,
      "propellantFraction": 0.008596973967828436,
      "arrivalSpeedKms": 91.584153996891,
      "arrivalRadialSpeedKms": 89.90580927218369,
      "arrivalTangentialSpeedKms": 17.452871466895555,
      "vInfAtSaturnKms": 90.24622748312052,
      "thrustAngleDeg": 80.5
    },
    "ballistic": {
      "thrustDays": 0,
      "transferDays": 996.8194444444445,
      "deltaVKms": 0,
      "propellantFraction": 0,
      "arrivalSpeedKms": 13.464831029012917,
      "arrivalRadialSpeedKms": 9.208418186459815,
      "arrivalTangentialSpeedKms": 9.823782832653885,
      "vInfAtSaturnKms": 9.210635020710384,
      "thrustAngleDeg": 0
    },
    "fast": {
      "thrustDays": 7,
      "transferDays": 41.125,
      "deltaVKms": 197.568,
      "propellantFraction": 0.019944747962375886,
      "arrivalSpeedKms": 202.4501407937137,
      "arrivalRadialSpeedKms": 201.69167697265414,
      "arrivalTangentialSpeedKms": 17.507910993406682,
      "vInfAtSaturnKms": 201.84579428337233,
      "thrustAngleDeg": 86
    },
    "allScenarios": [
      {
        "thrustDays": 0,
        "transferDays": 996.8194444444445,
        "deltaVKms": 0,
        "propellantFraction": 0,
        "arrivalSpeedKms": 13.464831029012917,
        "arrivalRadialSpeedKms": 9.208418186459815,
        "arrivalTangentialSpeedKms": 9.823782832653885,
        "vInfAtSaturnKms": 9.210635020710384,
        "thrustAngleDeg": 0
      },
      {
        "thrustDays": 1,
        "transferDays": 225.76388888888889,
        "deltaVKms": 28.224,
        "propellantFraction": 0.002873909432489108,
        "arrivalSpeedKms": 39.25281294391801,
        "arrivalRadialSpeedKms": 35.92498970612168,
        "arrivalTangentialSpeedKms": 15.817030019104996,
        "vInfAtSaturnKms": 36.45527165340185,
        "thrustAngleDeg": 67
      },
      {
        "thrustDays": 3,
        "transferDays": 86.80555555555556,
        "deltaVKms": 84.672,
        "propellantFraction": 0.008596973967828436,
        "arrivalSpeedKms": 91.584153996891,
        "arrivalRadialSpeedKms": 89.90580927218369,
        "arrivalTangentialSpeedKms": 17.452871466895555,
        "vInfAtSaturnKms": 90.24622748312052,
        "thrustAngleDeg": 80.5
      },
      {
        "thrustDays": 5,
        "transferDays": 54.763888888888886,
        "deltaVKms": 141.12,
        "propellantFraction": 0.014287190633690106,
        "arrivalSpeedKms": 146.73195557095076,
        "arrivalRadialSpeedKms": 145.63047404786275,
        "arrivalTangentialSpeedKms": 17.945244893013694,
        "vInfAtSaturnKms": 145.86814643758197,
        "thrustAngleDeg": 84
      },
      {
        "thrustDays": 7,
        "transferDays": 41.125,
        "deltaVKms": 197.568,
        "propellantFraction": 0.019944747962375886,
        "arrivalSpeedKms": 202.4501407937137,
        "arrivalRadialSpeedKms": 201.69167697265414,
        "arrivalTangentialSpeedKms": 17.507910993406682,
        "vInfAtSaturnKms": 201.84579428337233,
        "thrustAngleDeg": 86
      },
      {
        "thrustDays": 14,
        "transferDays": 25.96527777777778,
        "deltaVKms": 395.136,
        "propellantFraction": 0.03949170295346893,